Scenario,Protocol,Throughput (Mbps),Delay (ms),Jitter (ms),Loss (%)
congested_heavy,TcpSwift,820.11,4.1446,0.0236,0.00
intra_rack_10g,TcpSwift,9811.36,0.3704,0.0019,0.00
wan_metro,TcpNewReno,816.22,4.5721,0.0218,0.00
intra_rack_25g,TcpCubic,25131.79,2.1915,0.0007,0.00
oversub_4to1_10g,TcpCubic,2170.41,2.1873,0.0084,0.00
wifi_ax,TcpBbr,449.84,9.3857,0.0055,0.04
nr_5g_embb,TcpNewReno,375.37,9.5268,0.0304,0.00
satellite_leo,TcpBbr,17.13,72.2271,0.1223,0.57
oversub_4to1_40g,TcpSwift,9811.35,0.3704,0.0019,0.00
intra_rack_10g,TcpBbr,2.27,0.0051,0.0000,0.00
wifi_ac,TcpCubic,309.45,9.9706,0.0541,0.00
oversub_2to1_25g,TcpCubic,12364.88,2.2295,0.0015,0.00
cross_dc_wan,TcpSwift,673.47,5.3937,0.0062,0.00
satellite_leo,TcpCubic,37.28,59.1157,0.2630,1.79
congested_heavy,TcpBbr,57.27,0.0915,0.0025,0.00
symmetric_low,TcpSwift,808.47,4.2293,0.0238,0.00
wifi_ax,TcpCubic,465.30,7.5805,0.0388,0.00
oversub_4to1_10g,TcpNewReno,2169.90,2.3944,0.0083,0.08
congested_light,TcpNewReno,4705.89,2.1197,0.0039,0.01
leaf_spine_50g,TcpSwift,50662.01,0.0717,0.0004,0.00
wifi_legacy,TcpCubic,7.51,101.7115,1.3910,2.51
mixed_small_flow,TcpBbr,129.37,0.0264,0.0012,0.00
nr_5g_edge,TcpBbr,44.42,31.7567,0.0399,0.19
congested_medium,TcpNewReno,1719.77,2.5556,0.0106,0.01
dc_oversub_10to1,TcpCubic,818.62,2.6053,0.0222,0.00
cross_dc_wan,TcpCubic,813.68,7.0264,0.0202,0.00
satellite_leo,TcpNewReno,33.68,44.7465,0.1918,0.13
nr_5g_embb,TcpCubic,386.79,9.7313,0.0442,0.00
wifi_ac,TcpSwift,308.41,11.2096,0.0563,0.00
lte_good,TcpSwift,37.86,63.9787,0.5170,0.00
cross_pod_10g,TcpNewReno,9811.93,1.9846,0.0019,0.01
asymmetric_high,TcpSwift,820.11,4.1446,0.0236,0.00
wan_longhaul,TcpSwift,138.38,26.0321,0.0061,0.00
wifi_n,TcpNewReno,35.73,27.8338,0.2203,0.04
oversub_2to1_25g,TcpSwift,12364.22,0.2939,0.0015,0.00
cross_pod_10g,TcpSwift,9811.11,0.3704,0.0019,0.00
rdma_like_50g,TcpCubic,50663.12,1.1901,0.0004,0.00
oversub_4to1_40g,TcpNewReno,9812.26,1.9550,0.0019,0.01
dc_500m,TcpCubic,389.27,3.2668,0.0467,0.00
wan_longhaul,TcpNewReno,604.99,27.9856,0.0077,0.11
mixed_small_flow,TcpSwift,1719.72,2.1128,0.0106,0.00
satellite_geo,TcpSwift,5.80,425.3841,2.0994,0.00
rdma_like_50g,TcpBbr,2.13,0.0024,0.0000,0.00
wifi_ax,TcpNewReno,456.92,7.4050,0.0279,0.00
satellite_geo,TcpBbr,1.86,430.7459,0.7260,7.46
leaf_spine_50g,TcpNewReno,50663.28,1.1182,0.0004,0.00
intra_rack_25g,TcpNewReno,25131.96,1.8871,0.0007,0.00
congested_medium,TcpBbr,132.75,0.0396,0.0011,0.00
oversub_2to1_50g,TcpNewReno,25131.90,1.8901,0.0007,0.00
oversub_4to1_40g,TcpCubic,9811.87,2.2343,0.0019,0.00
leaf_spine_20g,TcpBbr,7555.38,0.0096,0.0000,0.00
rdma_like_50g,TcpSwift,50662.17,0.0717,0.0004,0.00
symmetric_low,TcpBbr,49.95,0.0654,0.0012,0.00
oversub_2to1_25g,TcpBbr,7048.86,0.0101,0.0001,0.00
dc_500m,TcpNewReno,389.50,3.6099,0.0467,0.01
nr_5g_edge,TcpCubic,75.57,21.2607,0.1330,0.03
dc_100g,TcpBbr,2.24,0.0042,0.0000,0.00
satellite_geo,TcpCubic,4.18,378.8051,1.2408,0.24
lte_poor,TcpBbr,6.38,140.4529,0.4555,2.49
cross_pod_20g,TcpBbr,605.22,0.0606,0.0000,0.00
dc_100m,TcpCubic,77.88,7.5270,0.2324,0.02
oversub_4to1_40g,TcpBbr,7136.47,0.0101,0.0002,0.00
nr_5g_edge,TcpSwift,77.03,32.8888,0.2711,0.00
wifi_ax,TcpSwift,463.13,7.8279,0.0381,0.00
intra_rack_10g,TcpNewReno,9812.27,1.9545,0.0019,0.01
oversub_2to1_25g,TcpNewReno,12365.13,1.8915,0.0015,0.00
nr_5g_embb,TcpBbr,342.01,21.3855,0.0071,0.04
oversub_4to1_10g,TcpBbr,169.80,0.0306,0.0011,0.00
wan_longhaul,TcpCubic,732.42,29.0498,0.0111,0.14
mixed_small_flow,TcpCubic,1719.92,2.2582,0.0106,0.00
dc_100g,TcpCubic,101305.74,0.5958,0.0002,0.00
wifi_legacy,TcpNewReno,6.78,87.0858,0.9733,0.39
congested_light,TcpSwift,4704.90,0.7724,0.0039,0.00
lte_poor,TcpSwift,7.48,187.2956,2.5780,0.00
cross_pod_20g,TcpSwift,20004.72,0.1817,0.0009,0.00
cross_pod_20g,TcpNewReno,20007.16,1.9342,0.0009,0.00
wifi_n,TcpBbr,4.94,60.2540,0.1221,1.22
dc_100g,TcpSwift,101305.27,0.0359,0.0002,0.00
wifi_n,TcpCubic,37.79,28.0151,0.2403,0.06
cross_pod_10g,TcpBbr,597.93,0.0612,0.0000,0.00
satellite_geo,TcpNewReno,2.03,373.5856,1.0265,0.11
congested_heavy,TcpCubic,818.62,2.6053,0.0222,0.00
lte_good,TcpCubic,37.28,59.1157,0.2630,1.79
wan_metro,TcpBbr,736.28,3.7906,0.0030,0.00
wifi_n,TcpSwift,38.54,54.3180,0.5538,0.00
cross_dc_wan,TcpNewReno,795.08,6.7429,0.0152,0.00
leaf_spine_20g,TcpCubic,20007.77,2.1539,0.0009,0.00
dc_500m,TcpBbr,28.43,0.1449,0.0065,0.00
congested_medium,TcpCubic,1719.89,2.2512,0.0106,0.00
wifi_ac,TcpNewReno,300.29,9.8051,0.0378,0.00
mixed_large_flow,TcpNewReno,12365.10,1.8934,0.0015,0.00
intra_rack_25g,TcpSwift,25131.00,0.1446,0.0007,0.00
lte_poor,TcpNewReno,6.48,127.7263,0.9188,0.24
leaf_spine_50g,TcpCubic,50662.25,1.1968,0.0004,0.00
asymmetric_high,TcpCubic,818.62,2.6055,0.0222,0.00
dc_oversub_10to1,TcpBbr,57.27,0.0915,0.0025,0.00
rdma_like_25g,TcpSwift,25131.01,0.1446,0.0007,0.00
dc_100m,TcpSwift,77.86,20.6726,0.2840,0.00
dc_oversub_10to1,TcpNewReno,818.66,2.9684,0.0222,0.00
wan_longhaul,TcpBbr,414.41,50.2135,0.0062,1.32
leaf_spine_20g,TcpSwift,20007.04,0.1816,0.0009,0.00
intra_rack_25g,TcpBbr,2.24,0.0048,0.0000,0.00
nr_5g_embb,TcpSwift,384.94,9.4093,0.0459,0.00
rdma_like_25g,TcpBbr,2.11,0.0028,0.0000,0.00
wifi_legacy,TcpBbr,4.80,90.5466,0.5114,1.61
wifi_legacy,TcpSwift,7.55,135.7997,2.5978,0.00
cross_pod_20g,TcpCubic,20003.46,2.1993,0.0009,0.00
congested_light,TcpCubic,4705.17,2.1352,0.0039,0.00
oversub_2to1_50g,TcpCubic,25131.53,2.2277,0.0007,0.00
symmetric_low,TcpNewReno,807.02,3.1358,0.0225,0.00
asymmetric_high,TcpBbr,56.86,0.0930,0.0021,0.00
wan_metro,TcpCubic,817.05,4.4607,0.0222,0.00
congested_light,TcpBbr,4294.13,0.0136,0.0004,0.00
mixed_small_flow,TcpNewReno,1719.82,2.5683,0.0106,0.01
rdma_like_50g,TcpNewReno,50663.49,1.1116,0.0004,0.00
oversub_4to1_10g,TcpSwift,2169.06,1.6752,0.0084,0.00
lte_good,TcpNewReno,33.68,44.7465,0.1918,0.13
oversub_2to1_50g,TcpSwift,25130.95,0.1446,0.0007,0.00
wan_metro,TcpSwift,815.02,4.4536,0.0223,0.00
symmetric_low,TcpCubic,806.85,2.6848,0.0225,0.00
cross_dc_wan,TcpBbr,789.62,8.9700,0.0034,0.03
lte_poor,TcpCubic,6.88,166.3456,1.5130,4.57
dc_100m,TcpNewReno,76.97,7.8816,0.1847,0.08
oversub_2to1_50g,TcpBbr,7609.11,0.0095,0.0000,0.00
wifi_ac,TcpBbr,246.45,13.9791,0.0084,0.08
congested_heavy,TcpNewReno,818.66,2.9684,0.0222,0.00
dc_100g,TcpNewReno,101307.29,0.5601,0.0002,0.00
dc_500m,TcpSwift,389.23,5.5834,0.0565,0.00
nr_5g_edge,TcpNewReno,70.70,20.9384,0.1060,0.02
rdma_like_25g,TcpCubic,25131.81,2.1900,0.0007,0.00
leaf_spine_20g,TcpNewReno,20007.96,1.8909,0.0009,0.00
mixed_large_flow,TcpBbr,2454.38,0.0148,0.0001,0.00
congested_medium,TcpSwift,1719.72,2.1128,0.0106,0.00
satellite_leo,TcpSwift,37.86,63.9787,0.5170,0.00
mixed_large_flow,TcpCubic,12364.78,2.2420,0.0015,0.00
asymmetric_high,TcpNewReno,818.58,2.9711,0.0222,0.00
dc_oversub_10to1,TcpSwift,820.11,4.1446,0.0236,0.00
lte_good,TcpBbr,17.13,72.2271,0.1223,0.57
dc_100m,TcpBbr,13.02,3.0085,0.0227,0.00
intra_rack_10g,TcpCubic,9811.88,2.2253,0.0019,0.00
rdma_like_25g,TcpNewReno,25131.98,1.8819,0.0007,0.00
cross_pod_10g,TcpCubic,9810.40,2.2824,0.0019,0.00
mixed_large_flow,TcpSwift,12364.20,0.2939,0.0015,0.00
leaf_spine_50g,TcpBbr,7740.79,0.0094,0.0000,0.00
